label,tp,fp,tn,fn,prec,rec,f1,acc
AVG,4220,780,4220,780,0.844,0.844,0.844,0.844
negative,2141,444,2079,336,0.8282398452611218,0.8643520387565603,0.8459107072303437,0.844
positive,2079,336,2141,444,0.8608695652173913,0.8240190249702735,0.8420413122721748,0.844
