label,tp,fp,tn,fn,prec,rec,f1,acc
AVG,3244,1756,3244,1756,0.6488,0.6488,0.6488,0.6488
negative,1586,879,1658,877,0.6434077079107505,0.6439301664636622,0.6436688311688311,0.6488
positive,1658,877,1586,879,0.6540433925049309,0.6535277887268427,0.6537854889589905,0.6488
