label,tp,fp,tn,fn,prec,rec,f1,acc
AVG,3233,1767,3233,1767,0.6466,0.6466,0.6466,0.6466
negative,1610,914,1623,853,0.6378763866877971,0.6536743808363784,0.64567876478845,0.6466
positive,1623,853,1610,914,0.6554927302100162,0.6397319668900275,0.6475164572112507,0.6466
