label,tp,fp,tn,fn,prec,rec,f1,acc
AVG,4790,210,4790,210,0.958,0.958,0.958,0.958
negative,2374,121,2416,89,0.9515030060120241,0.9638652050345108,0.9576442113755547,0.958
positive,2416,89,2374,121,0.9644710578842315,0.9523058730784391,0.9583498611662038,0.958
