label,tp,fp,tn,fn,prec,rec,f1,acc
AVG,4787,213,4787,213,0.9574,0.9574,0.9574,0.9574
negative,2374,124,2413,89,0.9503602882305845,0.9638652050345108,0.9570651078411612,0.9574
positive,2413,89,2374,124,0.9644284572342127,0.9511233740638549,0.9577297082754516,0.9574
