epoch,loss_train,loss_eval,f1_train,f1_eval,duration
1,0.18001632142897087,0.2286956722344453,0.915,0.9566,0:01:07.586554
2,0.08501012382419923,0.15889824966597535,0.9725,0.957,0:01:08.093228
3,0.06855097635147664,0.1458719490870098,0.9825,0.9574,0:01:08.322759
4,0.05310251905869406,0.13515520253616153,0.9875,0.9562,0:01:08.520461
5,0.04247012856201484,0.14806013470026227,0.99,0.9558,0:01:08.556984
