epoch,loss_train,loss_eval,f1_train,f1_eval,duration
1,0.18035539681127727,0.2277116602963129,0.91,0.957,0:01:07.420548
2,0.0844571070785885,0.15819622763094432,0.9725,0.9574,0:01:08.123358
3,0.06742341895229541,0.1461831693312117,0.9825,0.958,0:01:08.410723
4,0.05188451374236208,0.1353701740565597,0.9875,0.9558,0:01:08.560416
5,0.04053096390830783,0.14827344839455212,0.9875,0.9554,0:01:08.371619
