label,tp,fp,tn,fn,prec,rec,f1,acc
AVG,3882,1118,3882,1118,0.7764,0.7764,0.7764,0.7764
negative,1950,605,1932,513,0.7632093933463796,0.7917174177831913,0.7772020725388601,0.7764
positive,1932,513,1950,605,0.7901840490797546,0.7615293653921955,0.7755921316740265,0.7764
