label,tp,fp,tn,fn,prec,rec,f1,acc
AVG,3902,1098,3902,1098,0.7804,0.7804,0.7803999999999999,0.7804
negative,2033,654,1869,444,0.7566058801637514,0.8207509083568834,0.7873741285824941,0.7804
positive,1869,444,2033,654,0.808041504539559,0.7407847800237812,0.7729528535980149,0.7804
