label,tp,fp,tn,fn,prec,rec,f1,acc
AVG,3270,730,3270,730,0.8175,0.8175,0.8175,0.8175
negative,1730,409,1540,321,0.8087891538101917,0.8434909800097513,0.8257756563245825,0.8175
positive,1540,321,1730,409,0.8275120902740463,0.7901487942534633,0.8083989501312336,0.8175
