label,tp,fp,tn,fn,prec,rec,f1,acc
AVG,2021,221,2021,221,0.9014272970561998,0.9014272970561998,0.9014272970561998,0.9014272970561998
negative,938,147,1083,74,0.864516129032258,0.9268774703557312,0.8946113495469717,0.9014272970561998
positive,1083,74,938,147,0.9360414866032843,0.8804878048780488,0.9074151654796816,0.9014272970561998
