label,tp,fp,tn,fn,prec,rec,f1,acc
AVG,22106,2695,22106,2695,0.8913350268134349,0.8913350268134349,0.8913350268134349,0.8913350268134349
negative,10956,1290,11150,1405,0.8946594806467418,0.886336056953321,0.8904783191774699,0.8913350268134349
positive,11150,1405,10956,1290,0.8880923934687376,0.8963022508038585,0.8921784356871375,0.8913350268134349
