label,tp,fp,tn,fn,prec,rec,f1,acc
AVG,22116,2685,22116,2685,0.891738236361437,0.891738236361437,0.891738236361437,0.891738236361437
negative,10956,1280,11160,1405,0.8953906505393919,0.886336056953321,0.8908403463837054,0.891738236361437
positive,11160,1405,10956,1280,0.8881814564265818,0.8971061093247589,0.892621475704859,0.891738236361437
