label,tp,fp,tn,fn,prec,rec,f1,acc
AVG,23130,1671,23130,1671,0.9326236845288497,0.9326236845288497,0.9326236845288497,0.9326236845288497
negative,11637,947,11493,724,0.9247457088366179,0.9414286869994337,0.9330126277811185,0.9326236845288497
positive,11493,724,11637,947,0.9407383154620611,0.9238745980707396,0.9322301983209637,0.9326236845288497
