label,tp,fp,tn,fn,prec,rec,f1,acc
AVG,23130,1671,23130,1671,0.9326236845288497,0.9326236845288497,0.9326236845288497,0.9326236845288497
negative,11556,866,11574,805,0.9302849782643696,0.9348758191084864,0.9325747488197553,0.9326236845288497
positive,11574,805,11556,866,0.9349705145811454,0.9303858520900321,0.9326725492566178,0.9326236845288497
