label,tp,fp,tn,fn,prec,rec,f1,acc
AVG,23177,1624,23177,1624,0.9345187694044595,0.9345187694044595,0.9345187694044595,0.9345187694044595
negative,11598,861,11579,763,0.9308933301228028,0.938273602459348,0.9345688960515713,0.9345187694044595
positive,11579,763,11598,861,0.9381785772160104,0.9307877813504823,0.9344685658946009,0.9345187694044595
