label,tp,fp,tn,fn,prec,rec,f1,acc
AVG,31662,8338,31662,8338,0.79155,0.79155,0.79155,0.79155
negative,16189,4520,15473,3818,0.7817374088560529,0.8091667916229319,0.7952156400432262,0.79155
positive,15473,3818,16189,4520,0.8020838733087968,0.7739208723053068,0.7877507382140312,0.79155
