label,tp,fp,tn,fn,prec,rec,f1,acc
AVG,3955,1045,3955,1045,0.791,0.791,0.791,0.791
negative,1983,565,1972,480,0.7782574568288854,0.805115712545676,0.7914587906605468,0.791
positive,1972,480,1983,565,0.8042414355628059,0.7772960189199842,0.7905391862096613,0.791
