label,tp,fp,tn,fn,prec,rec,f1,acc
AVG,3936,1064,3936,1064,0.7872,0.7872,0.7872,0.7872
negative,1992,579,1944,485,0.7747957992998833,0.8041986273718208,0.7892234548335976,0.7872
positive,1944,485,1992,579,0.8003293536434747,0.7705112960760999,0.7851373182552505,0.7872
