label,tp,fp,tn,fn,prec,rec,f1,acc
AVG,23192,1609,23192,1609,0.9351235837264626,0.9351235837264626,0.9351235837264626,0.9351235837264626
negative,11506,754,11686,855,0.9384991843393149,0.9308308389288893,0.9346492831322856,0.9351235837264626
positive,11686,855,11506,754,0.9318236185312176,0.9393890675241158,0.9355910491973901,0.9351235837264626
