label,tp,fp,tn,fn,prec,rec,f1,acc
AVG,22443,2358,22443,2358,0.9049231885811057,0.9049231885811057,0.9049231885811057,0.9049231885811057
negative,11163,1160,11280,1198,0.905867077821959,0.903082274896853,0.9044725328147788,0.9049231885811057
positive,11280,1198,11163,1160,0.9039910242025966,0.9067524115755627,0.9053696123284373,0.9049231885811057
