label,tp,fp,tn,fn,prec,rec,f1,acc
AVG,28,12,28,12,0.7,0.7,0.7,0.7
negative,21,9,7,3,0.7,0.875,0.7777777777777777,0.7
positive,7,3,21,9,0.7,0.4375,0.5384615384615384,0.7
