label,tp,fp,tn,fn,prec,rec,f1,acc
AVG,38,2,38,2,0.95,0.95,0.9500000000000001,0.95
negative,27,2,11,0,0.9310344827586207,1.0,0.9642857142857143,0.95
positive,11,0,27,2,1.0,0.8461538461538461,0.9166666666666666,0.95
