label,tp,fp,tn,fn,prec,rec,f1,acc
AVG,2075,406,2075,406,0.8363563079403467,0.8363563079403467,0.8363563079403467,0.8363563079403467
negative,940,145,1135,261,0.8663594470046083,0.7826810990840966,0.8223972003499563,0.8363563079403467
positive,1135,261,940,145,0.8130372492836676,0.88671875,0.8482810164424515,0.8363563079403467
