label,tp,fp,tn,fn,prec,rec,f1,acc
AVG,2415,66,2415,66,0.973397823458283,0.973397823458283,0.973397823458283,0.973397823458283
negative,2415,0,0,66,1.0,0.973397823458283,0.9865196078431373,0.973397823458283
positive,0,66,2415,0,0.0,0.0,0.0,0.973397823458283
