label,tp,fp,tn,fn,prec,rec,f1,acc
AVG,1887,355,1887,355,0.8416592328278323,0.8416592328278323,0.8416592328278323,0.8416592328278323
negative,774,117,1113,238,0.8686868686868687,0.7648221343873518,0.813452443510247,0.8416592328278323
positive,1113,238,774,117,0.8238341968911918,0.9048780487804878,0.8624564122433165,0.8416592328278323
