epoch,loss_train,loss_eval,f1_train,f1_eval,duration
1,0.959106239668853,0.6922763769443218,0.54844,0.4909310761789601,0:00:20.368806
2,0.6657672638783373,0.6572099312757835,0.62072,0.5872632003224506,0:00:19.866518
3,0.6407903358149716,0.6311764472570177,0.66676,0.675534058847239,0:00:19.937859
4,0.6213000296326864,0.605954274153098,0.69092,0.7243047158403869,0:00:19.645882
5,0.6058549972446378,0.6294403809767503,0.71164,0.6013704151551794,0:00:20.238877
