label,tp,fp,tn,fn,prec,rec,f1,acc
AVG,2081,400,2081,400,0.8387746876259573,0.8387746876259573,0.8387746876259573,0.8387746876259573
negative,946,145,1135,255,0.8670944087992667,0.787676935886761,0.8254799301919721,0.8387746876259573
positive,1135,255,946,145,0.8165467625899281,0.88671875,0.850187265917603,0.8387746876259573
