label,tp,fp,tn,fn,prec,rec,f1,acc
AVG,2195,296,2195,296,0.8811722199919712,0.8811722199919712,0.8811722199919712,0.8811722199919712
negative,2195,0,0,296,1.0,0.8811722199919712,0.9368331199317115,0.8811722199919712
positive,0,296,2195,0,0.0,0.0,0.0,0.8811722199919712
