label,tp,fp,tn,fn,prec,rec,f1,acc
AVG,3950,1008,3950,1008,0.7966922146026624,0.7966922146026624,0.7966922146026625,0.7966922146026624
negative,1962,540,1988,468,0.7841726618705036,0.8074074074074075,0.7956204379562045,0.7966922146026624
positive,1988,468,1962,540,0.8094462540716613,0.7863924050632911,0.797752808988764,0.7966922146026624
