label,tp,fp,tn,fn,prec,rec,f1,acc
AVG,1797,684,1797,684,0.7243047158403869,0.7243047158403869,0.7243047158403869,0.7243047158403869
negative,1120,603,677,81,0.6500290191526408,0.93255620316403,0.7660738714090287,0.7243047158403869
positive,677,81,1120,603,0.8931398416886543,0.52890625,0.6643768400392541,0.7243047158403869
