label,tp,fp,tn,fn,prec,rec,f1,acc
AVG,1990,491,1990,491,0.8020959290608626,0.8020959290608626,0.8020959290608626,0.8020959290608626
negative,960,250,1030,241,0.7933884297520661,0.7993338884263114,0.7963500622148485,0.8020959290608626
positive,1030,241,960,250,0.8103855232100708,0.8046875,0.8075264602116816,0.8020959290608626
