label,tp,fp,tn,fn,prec,rec,f1,acc
AVG,1956,535,1956,535,0.7852268165395424,0.7852268165395424,0.7852268165395424,0.7852268165395424
negative,1956,0,0,535,1.0,0.7852268165395424,0.8796941758488869,0.7852268165395424
positive,0,535,1956,0,0.0,0.0,0.0,0.7852268165395424
