epoch,loss_train,loss_eval,f1_train,f1_eval,duration
1,0.9583279499617372,0.590199806751349,0.5496,0.973397823458283,0:06:13.549026
2,0.6663349664119805,0.8489421651913568,0.6316,0.15759774284562678,0:06:15.062700
3,0.6371756340841499,0.4959088059572072,0.67936,0.9689641273679968,0:06:08.257598
4,0.6174950742965459,0.6301497236276284,0.70124,0.6839983877468763,0:06:05.851278
5,0.6109480953887292,0.4390515318283668,0.69704,0.9681580008061266,0:06:04.065731
