label,tp,fp,tn,fn,prec,rec,f1,acc
AVG,1947,295,1947,295,0.868421052631579,0.868421052631579,0.868421052631579,0.868421052631579
negative,862,145,1085,150,0.8560079443892751,0.8517786561264822,0.8538880633977216,0.868421052631579
positive,1085,150,862,145,0.8785425101214575,0.8821138211382114,0.8803245436105476,0.868421052631579
