label,tp,fp,tn,fn,prec,rec,f1,acc
AVG,2082,399,2082,399,0.8391777509068924,0.8391777509068924,0.8391777509068924,0.8391777509068924
negative,948,146,1134,253,0.8665447897623401,0.7893422148209825,0.8261437908496733,0.8391777509068924
positive,1134,253,948,146,0.8175919250180245,0.8859375,0.8503937007874016,0.8391777509068924
