label,tp,fp,tn,fn,prec,rec,f1,acc
AVG,37,3,37,3,0.925,0.925,0.925,0.925
negative,27,3,10,0,0.9,1.0,0.9473684210526316,0.925
positive,10,0,27,3,1.0,0.7692307692307693,0.8695652173913044,0.925
