epoch,loss_train,loss_eval,f1_train,f1_eval,duration
1,0.8076051473617554,0.5876563191413879,0.4000000000000001,0.975,0:00:01.038559
2,0.6461357474327087,0.45915213227272034,0.575,0.975,0:00:00.989154
3,0.5849683284759521,0.3671048581600189,0.7,0.975,0:00:00.993615
4,0.4274863600730896,0.2926006317138672,0.875,0.975,0:00:00.991702
5,0.35789617896080017,0.23407351970672607,0.9500000000000001,0.975,0:00:00.985890
