label,tp,fp,tn,fn,prec,rec,f1,acc
AVG,39,1,39,1,0.975,0.975,0.975,0.975
negative,26,0,13,1,1.0,0.9629629629629629,0.9811320754716981,0.975
positive,13,1,26,0,0.9285714285714286,1.0,0.962962962962963,0.975
