label,tp,fp,tn,fn,prec,rec,f1,acc
AVG,36,4,36,4,0.9,0.9,0.9,0.9
negative,25,2,11,2,0.9259259259259259,0.9259259259259259,0.9259259259259259,0.9
positive,11,2,25,2,0.8461538461538461,0.8461538461538461,0.8461538461538461,0.9
