label,tp,fp,tn,fn,prec,rec,f1,acc
AVG,36,4,36,4,0.9,0.9,0.9,0.9
negative,27,4,9,0,0.8709677419354839,1.0,0.9310344827586207,0.9
positive,9,0,27,4,1.0,0.6923076923076923,0.8181818181818181,0.9
