epoch,loss_train,loss_eval,f1_train,f1_eval,duration
1,0.16693256349790317,0.029484197391866473,0.875,0.975,0:00:01.163046
2,0.02544090372611958,0.013934122217293066,0.975,1.0,0:00:01.149023
3,0.012597303979417518,0.006429325127101038,1.0,1.0,0:00:01.114637
4,0.00644216988075641,0.0037195471879385884,1.0,1.0,0:00:01.144031
5,0.0027261225692198467,0.00210977825217924,1.0,1.0,0:00:01.117681
