label,tp,fp,tn,fn,prec,rec,f1,acc
AVG,4795,205,4795,205,0.959,0.959,0.959,0.959
negative,2358,100,2437,105,0.9593165174938975,0.9573690621193667,0.9583418004470635,0.959
positive,2437,105,2358,100,0.9586939417781275,0.9605833661805282,0.9596377239614098,0.959
