label,tp,fp,tn,fn,prec,rec,f1,acc
AVG,4268,732,4268,732,0.8536,0.8536,0.8536,0.8536
negative,2064,333,2204,399,0.8610763454317898,0.8380024360535931,0.8493827160493828,0.8536
positive,2204,399,2064,333,0.8467153284671532,0.8687426093811589,0.8575875486381322,0.8536
