label,tp,fp,tn,fn,prec,rec,f1,acc
AVG,4641,359,4641,359,0.9282,0.9282,0.9282,0.9282
negative,2293,175,2348,184,0.9290923824959482,0.9257165926524021,0.9274014155712841,0.9282
positive,2348,184,2293,175,0.9273301737756714,0.9306381292112564,0.9289812067260139,0.9282
