label,tp,fp,tn,fn,prec,rec,f1,acc
AVG,4249,751,4249,751,0.8498,0.8498,0.8498,0.8498
negative,2026,314,2223,437,0.8658119658119658,0.8225740966301258,0.8436393920466376,0.8498
positive,2223,437,2026,314,0.8357142857142857,0.8762317698068585,0.8554935539734462,0.8498
