label,tp,fp,tn,fn,prec,rec,f1,acc
AVG,4578,422,4578,422,0.9156,0.9156,0.9156,0.9156
negative,2217,162,2361,260,0.9319041614123581,0.8950343157044812,0.9130971993410214,0.9156
positive,2361,260,2217,162,0.9008012209080504,0.9357907253269917,0.9179626749611197,0.9156
