epoch,loss_train,loss_eval,f1_train,f1_eval,duration
1,0.15111108454267078,0.15178834452494,0.957975,0.9568,0:10:09.743247
2,0.16772425068585362,0.13510740110208294,0.95885,0.9588,0:10:05.876675
3,0.1752556631750629,0.15730765539483396,0.95995,0.959,0:10:11.197350
4,0.1745952846610942,0.1404220122730357,0.960075,0.958,0:10:10.136542
5,0.17551248067546601,0.15458776394764853,0.96065,0.9586,0:10:07.076601
