epoch,loss_train,loss_eval,f1_train,f1_eval,duration
1,0.0561720235856807,0.2612123080553153,0.98368,0.9262394195888755,0:05:37.021390
2,0.044975939672440325,0.2679470511010061,0.98748,0.9254332930270053,0:05:39.056000
3,0.04343912040676607,0.2809387091069649,0.98752,0.9214026602176542,0:05:38.975878
4,0.043703155424160034,0.25598491183840305,0.98736,0.9230149133413946,0:05:38.812063
5,0.044100978884541044,0.2430265766496842,0.98764,0.920596533655784,0:05:38.708671
