label,tp,fp,tn,fn,prec,rec,f1,acc
AVG,4753,205,4753,205,0.9586526825332795,0.9586526825332795,0.9586526825332795,0.9586526825332795
negative,2336,111,2417,94,0.9546383326522272,0.9613168724279836,0.9579659626819765,0.9586526825332795
positive,2417,94,2336,111,0.9625647152528873,0.9560917721518988,0.9593173248660448,0.9586526825332795
