label,tp,fp,tn,fn,prec,rec,f1,acc
AVG,1826,655,1826,655,0.7359935509875051,0.7359935509875051,0.7359935509875052,0.7359935509875051
negative,891,345,935,310,0.720873786407767,0.7418817651956703,0.7312269183422241,0.7359935509875051
positive,935,310,891,345,0.751004016064257,0.73046875,0.7405940594059406,0.7359935509875051
