label,tp,fp,tn,fn,prec,rec,f1,acc
AVG,2280,211,2280,211,0.9152950622240065,0.9152950622240065,0.9152950622240065,0.9152950622240065
negative,2280,0,0,211,1.0,0.9152950622240065,0.9557744707608469,0.9152950622240065
positive,0,211,2280,0,0.0,0.0,0.0,0.9152950622240065
