label,tp,fp,tn,fn,prec,rec,f1,acc
AVG,2201,280,2201,280,0.8871422813381701,0.8871422813381701,0.8871422813381701,0.8871422813381701
negative,1066,145,1135,135,0.8802642444260942,0.88759367194005,0.8839137645107795,0.8871422813381701
positive,1135,135,1066,145,0.8937007874015748,0.88671875,0.8901960784313726,0.8871422813381701
