label,tp,fp,tn,fn,prec,rec,f1,acc
AVG,2312,169,2312,169,0.9318823055219669,0.9318823055219669,0.9318823055219669,0.9318823055219669
negative,1118,86,1194,83,0.9285714285714286,0.9308909242298085,0.9297297297297298,0.9318823055219669
positive,1194,83,1118,86,0.9350039154267815,0.9328125,0.9339069221744233,0.9318823055219669
