label,tp,fp,tn,fn,prec,rec,f1,acc
AVG,2023,219,2023,219,0.9023193577163247,0.9023193577163247,0.9023193577163247,0.9023193577163247
negative,925,132,1098,87,0.8751182592242195,0.9140316205533597,0.8941517641372644,0.9023193577163247
positive,1098,87,925,132,0.9265822784810127,0.8926829268292683,0.9093167701863355,0.9023193577163247
