label,tp,fp,tn,fn,prec,rec,f1,acc
AVG,2315,166,2315,166,0.9330914953647723,0.9330914953647723,0.9330914953647723,0.9330914953647723
negative,1120,85,1195,81,0.9294605809128631,0.93255620316403,0.9310058187863675,0.9330914953647723
positive,1195,81,1120,85,0.9365203761755486,0.93359375,0.935054773082942,0.9330914953647723
