label,tp,fp,tn,fn,prec,rec,f1,acc
AVG,2298,183,2298,183,0.9262394195888755,0.9262394195888755,0.9262394195888755,0.9262394195888755
negative,2298,0,0,183,1.0,0.9262394195888755,0.9617074701820465,0.9262394195888755
positive,0,183,2298,0,0.0,0.0,0.0,0.9262394195888755
