label,tp,fp,tn,fn,prec,rec,f1,acc
AVG,2312,179,2312,179,0.9281413087113609,0.9281413087113609,0.9281413087113609,0.9281413087113609
negative,2312,0,0,179,1.0,0.9281413087113609,0.9627316260670414,0.9281413087113609
positive,0,179,2312,0,0.0,0.0,0.0,0.9281413087113609
