epoch,loss_train,loss_eval,f1_train,f1_eval,duration
1,0.0561720235856807,0.23405929879309273,0.98368,0.9310761789600968,0:05:36.589078
2,0.044975939672440325,0.23928538079445175,0.98748,0.9318823055219669,0:05:38.747255
3,0.04343912040676607,0.2490557346684047,0.98752,0.9310761789600968,0:05:38.668544
4,0.043703155424160034,0.24035278163277193,0.98736,0.9310761789600968,0:05:38.714698
5,0.044100978884541044,0.2228302634679354,0.98764,0.9318823055219669,0:05:38.638488
