epoch,loss_train,loss_eval,f1_train,f1_eval,duration
1,0.1598016379251711,0.14091463727074027,0.9563584106494554,0.9572408229124647,0:09:13.650724
2,0.16445974727854673,0.13062679407032737,0.956686163775716,0.9570391286809197,0:09:14.036430
3,0.15985217903657878,0.14028059619650446,0.9582240822912466,0.9532069382815651,0:09:14.715935
4,0.16114205651324084,0.12896568790821453,0.9586022589753933,0.9586526825332795,0:09:11.050469
5,0.15905197040652538,0.16035109255974023,0.9584509883017346,0.9556272690601049,0:09:12.632467
