label,tp,fp,tn,fn,prec,rec,f1,acc
AVG,33,7,33,7,0.825,0.825,0.825,0.825
negative,27,7,6,0,0.7941176470588235,1.0,0.8852459016393442,0.825
positive,6,0,27,7,1.0,0.46153846153846156,0.631578947368421,0.825
