label,tp,fp,tn,fn,prec,rec,f1,acc
AVG,34,6,34,6,0.85,0.85,0.85,0.85
negative,27,6,7,0,0.8181818181818182,1.0,0.9,0.85
positive,7,0,27,6,1.0,0.5384615384615384,0.7000000000000001,0.85
