label,tp,fp,tn,fn,prec,rec,f1,acc
AVG,33,7,33,7,0.825,0.825,0.825,0.825
negative,26,6,7,1,0.8125,0.9629629629629629,0.8813559322033898,0.825
positive,7,1,26,6,0.875,0.5384615384615384,0.6666666666666667,0.825
