label,tp,fp,tn,fn,prec,rec,f1,acc
AVG,29,11,29,11,0.725,0.725,0.7250000000000001,0.725
negative,26,10,3,1,0.7222222222222222,0.9629629629629629,0.8253968253968254,0.725
positive,3,1,26,10,0.75,0.23076923076923078,0.3529411764705882,0.725
