epoch,loss_train,loss_eval,f1_train,f1_eval,duration
1,0.7069097757339478,0.6770017147064209,0.325,0.375,0:00:01.087758
2,0.6804754734039307,0.658253014087677,0.5,0.925,0:00:01.042784
3,0.6583994626998901,0.6404893398284912,0.75,0.9500000000000001,0:00:01.038964
4,0.6417180299758911,0.6199659705162048,0.825,0.9500000000000001,0:00:01.027447
5,0.6290311217308044,0.5983017683029175,0.85,0.9500000000000001,0:00:01.038933
