label,tp,fp,tn,fn,prec,rec,f1,acc
AVG,31,9,31,9,0.775,0.775,0.775,0.775
negative,27,9,4,0,0.75,1.0,0.8571428571428571,0.775
positive,4,0,27,9,1.0,0.3076923076923077,0.47058823529411764,0.775
