label,tp,fp,tn,fn,prec,rec,f1,acc
AVG,38,2,38,2,0.95,0.95,0.9500000000000001,0.95
negative,25,0,13,2,1.0,0.9259259259259259,0.9615384615384615,0.95
positive,13,2,25,0,0.8666666666666667,1.0,0.9285714285714286,0.95
