label,tp,fp,tn,fn,prec,rec,f1,acc
AVG,35,5,35,5,0.875,0.875,0.875,0.875
negative,20,1,15,4,0.9523809523809523,0.8333333333333334,0.888888888888889,0.875
positive,15,4,20,1,0.7894736842105263,0.9375,0.8571428571428572,0.875
