label,tp,fp,tn,fn,prec,rec,f1,acc
AVG,39,1,39,1,0.975,0.975,0.975,0.975
negative,27,1,12,0,0.9642857142857143,1.0,0.9818181818181818,0.975
positive,12,0,27,1,1.0,0.9230769230769231,0.9600000000000001,0.975
