epoch,loss_train,loss_eval,f1_train,f1_eval,duration
1,0.21795744653791188,0.06523349373601377,0.925,0.975,0:00:01.254554
2,0.18056522344995757,0.05366903328394984,0.925,0.975,0:00:01.196673
3,0.13506240163005712,0.04776202697867121,0.975,0.975,0:00:01.180831
4,0.04900609733304009,0.0288321885248024,0.975,0.975,0:00:01.197049
5,0.06916475021916996,0.019041838838438706,0.975,1.0,0:00:01.218050
