epoch,loss_train,loss_eval,f1_train,f1_eval,duration
1,0.45142701417207703,0.24282816126942636,0.925,0.975,0:00:01.276538
2,0.1867829065769911,0.10846041887998581,0.975,0.975,0:00:01.191802
3,0.10275219753384589,0.06909757656976581,0.975,0.975,0:00:01.228862
4,0.09076876367907968,0.051435257145203646,0.975,0.975,0:00:01.299844
