label,tp,fp,tn,fn,prec,rec,f1,acc
AVG,4796,204,4796,204,0.9592,0.9592,0.9592,0.9592
negative,2355,96,2441,108,0.9608323133414932,0.9561510353227771,0.9584859584859584,0.9592
positive,2441,108,2355,96,0.9576304433111024,0.9621600315333071,0.9598898938261895,0.9592
