label,tp,fp,tn,fn,prec,rec,f1,acc
AVG,4798,202,4798,202,0.9596,0.9596,0.9596,0.9596
negative,2364,103,2434,99,0.9582488852857722,0.9598051157125457,0.959026369168357,0.9596
positive,2434,99,2364,103,0.9609159099881563,0.9594008671659441,0.9601577909270218,0.9596
