label,tp,fp,tn,fn,prec,rec,f1,acc
AVG,3869,1131,3869,1131,0.7738,0.7738,0.7738000000000002,0.7738
negative,1917,585,1952,546,0.7661870503597122,0.7783191230207065,0.7722054380664654,0.7738
positive,1952,546,1917,585,0.7814251401120896,0.7694126921560899,0.7753723932472691,0.7738
