label,tp,fp,tn,fn,prec,rec,f1,acc
AVG,3799,1201,3799,1201,0.7598,0.7598,0.7598,0.7598
negative,1893,631,1906,570,0.75,0.7685749086479903,0.7591738520152397,0.7598
positive,1906,570,1893,631,0.7697899838449112,0.7512810405991328,0.760422900458807,0.7598
