label,tp,fp,tn,fn,prec,rec,f1,acc
AVG,4604,396,4604,396,0.9208,0.9208,0.9208,0.9208
negative,2291,210,2313,186,0.9160335865653738,0.9249091643116674,0.9204499799116111,0.9208
positive,2313,186,2291,210,0.9255702280912365,0.9167657550535078,0.9211469534050181,0.9208
