epoch,loss_train,loss_eval,f1_train,f1_eval,duration
1,0.12682257277733852,0.11377121012207045,0.95725,0.9588,0:09:32.248906
2,0.12277490915209052,0.11840860561651605,0.9591,0.958,0:09:32.544058
3,0.12073929628469049,0.11524369176714472,0.959525,0.9592,0:09:33.521144
4,0.12078245018236333,0.11554861539132465,0.959125,0.9592,0:09:33.530964
5,0.11898365419209019,0.11541538171849815,0.95995,0.9592,0:09:32.735362
