epoch,loss_train,loss_eval,f1_train,f1_eval,duration
1,0.1265837271982104,0.11287005853121446,0.957925,0.9596,0:09:30.360622
2,0.12166325129941105,0.1229165732848701,0.9595,0.9584,0:09:30.850570
3,0.12011842264942837,0.11554586770499399,0.959675,0.9588,0:09:30.795623
4,0.1196024693954736,0.1147290673106908,0.959475,0.9588,0:09:30.574251
5,0.11821616751849656,0.11549358810209165,0.96045,0.9596,0:09:31.061705
