epoch,loss_train,loss_eval,f1_train,f1_eval,duration
1,0.4024066994409732,0.2922435727639076,0.8278,0.9266424828698105,0:05:55.276054
2,0.3101977070655361,0.2821063116574898,0.86096,0.9270455461507456,0:05:58.554850
3,0.2625964191906593,0.25708409226857704,0.86612,0.9262394195888755,0:05:57.996361
4,0.24501518142955067,0.22723957112966442,0.8635600000000001,0.9270455461507456,0:05:57.725318
5,0.2336696576127005,0.21746467646115863,0.8616000000000001,0.9274486094316807,0:05:57.553143
