label,tp,fp,tn,fn,prec,rec,f1,acc
AVG,2025,217,2025,217,0.9032114183764496,0.9032114183764496,0.9032114183764496,0.9032114183764496
negative,903,108,1122,109,0.8931750741839762,0.892292490118577,0.8927335640138409,0.9032114183764496
positive,1122,109,903,108,0.9114541023558083,0.9121951219512195,0.9118244616009753,0.9032114183764496
