label,tp,fp,tn,fn,prec,rec,f1,acc
AVG,4751,207,4751,207,0.9582492940701896,0.9582492940701896,0.9582492940701896,0.9582492940701896
negative,2336,113,2415,94,0.953858717844018,0.9613168724279836,0.9575732732117237,0.9582492940701896
positive,2415,94,2336,113,0.9625348744519729,0.9553006329113924,0.9589041095890413,0.9582492940701896
