label,tp,fp,tn,fn,prec,rec,f1,acc
AVG,2018,224,2018,224,0.9000892060660125,0.9000892060660125,0.9000892060660125,0.9000892060660125
negative,912,124,1106,100,0.8803088803088803,0.9011857707509882,0.890625,0.9000892060660125
positive,1106,100,912,124,0.9170812603648425,0.8991869918699187,0.9080459770114943,0.9000892060660125
