label,tp,fp,tn,fn,prec,rec,f1,acc
AVG,2016,226,2016,226,0.8991971454058876,0.8991971454058876,0.8991971454058876,0.8991971454058876
negative,909,123,1107,103,0.8808139534883721,0.8982213438735178,0.8894324853228963,0.8991971454058876
positive,1107,103,909,123,0.9148760330578513,0.9,0.9073770491803279,0.8991971454058876
