label,tp,fp,tn,fn,prec,rec,f1,acc
AVG,2138,343,2138,343,0.8617492946392583,0.8617492946392583,0.8617492946392583,0.8617492946392583
negative,1040,182,1098,161,0.851063829787234,0.8659450457951707,0.8584399504746183,0.8617492946392583
positive,1098,161,1040,182,0.8721207307386815,0.8578125,0.8649074438755415,0.8617492946392583
