label,tp,fp,tn,fn,prec,rec,f1,acc
AVG,4753,205,4753,205,0.9586526825332795,0.9586526825332795,0.9586526825332795,0.9586526825332795
negative,2335,110,2418,95,0.9550102249488752,0.9609053497942387,0.9579487179487179,0.9586526825332795
positive,2418,95,2335,110,0.9621965777954636,0.9564873417721519,0.9593334655822258,0.9586526825332795
