label,tp,fp,tn,fn,prec,rec,f1,acc
AVG,2319,162,2319,162,0.9347037484885127,0.9347037484885127,0.9347037484885126,0.9347037484885127
negative,1125,86,1194,76,0.9289843104872006,0.9367194004995837,0.9328358208955223,0.9347037484885127
positive,1194,76,1125,86,0.9401574803149606,0.9328125,0.9364705882352942,0.9347037484885127
