label,tp,fp,tn,fn,prec,rec,f1,acc
AVG,2015,227,2015,227,0.8987511150758252,0.8987511150758252,0.8987511150758252,0.8987511150758252
negative,922,137,1093,90,0.8706326723323891,0.9110671936758893,0.8903911154031868,0.8987511150758252
positive,1093,90,922,137,0.9239222316145393,0.8886178861788618,0.9059262329050974,0.8987511150758252
