label,tp,fp,tn,fn,prec,rec,f1,acc
AVG,2326,165,2326,165,0.9337615415495785,0.9337615415495785,0.9337615415495785,0.9337615415495785
negative,2326,0,0,165,1.0,0.9337615415495785,0.9657463151339007,0.9337615415495785
positive,0,165,2326,0,0.0,0.0,0.0,0.9337615415495785
