label,tp,fp,tn,fn,prec,rec,f1,acc
AVG,2016,226,2016,226,0.8991971454058876,0.8991971454058876,0.8991971454058876,0.8991971454058876
negative,931,145,1085,81,0.8652416356877324,0.9199604743083004,0.8917624521072798,0.8991971454058876
positive,1085,81,931,145,0.9305317324185248,0.8821138211382114,0.90567612687813,0.8991971454058876
