label,tp,fp,tn,fn,prec,rec,f1,acc
AVG,2314,167,2314,167,0.9326884320838371,0.9326884320838371,0.9326884320838371,0.9326884320838371
negative,1126,92,1188,75,0.9244663382594417,0.9375520399666945,0.9309632079371641,0.9326884320838371
positive,1188,75,1126,92,0.9406175771971497,0.928125,0.9343295320487613,0.9326884320838371
