label,tp,fp,tn,fn,prec,rec,f1,acc
AVG,2283,208,2283,208,0.9164993978321959,0.9164993978321959,0.9164993978321959,0.9164993978321959
negative,2283,0,0,208,1.0,0.9164993978321959,0.9564306661080854,0.9164993978321959
positive,0,208,2283,0,0.0,0.0,0.0,0.9164993978321959
