label,tp,fp,tn,fn,prec,rec,f1,acc
AVG,1999,243,1999,243,0.8916146297948261,0.8916146297948261,0.8916146297948261,0.8916146297948261
negative,900,131,1099,112,0.8729388942774006,0.8893280632411067,0.8810572687224669,0.8916146297948261
positive,1099,112,900,131,0.9075144508670521,0.8934959349593496,0.9004506349856617,0.8916146297948261
