label,tp,fp,tn,fn,prec,rec,f1,acc
AVG,2301,180,2301,180,0.9274486094316807,0.9274486094316807,0.9274486094316807,0.9274486094316807
negative,1100,79,1201,101,0.9329940627650551,0.9159034138218152,0.9243697478991597,0.9274486094316807
positive,1201,101,1100,79,0.9224270353302612,0.93828125,0.9302865995352441,0.9274486094316807
