label,tp,fp,tn,fn,prec,rec,f1,acc
AVG,2222,259,2222,259,0.8956066102378073,0.8956066102378073,0.8956066102378073,0.8956066102378073
negative,1069,127,1153,132,0.8938127090301003,0.8900915903413822,0.8919482686691699,0.8956066102378073
positive,1153,132,1069,127,0.8972762645914397,0.90078125,0.8990253411306044,0.8956066102378073
