epoch,loss_train,loss_eval,f1_train,f1_eval,duration
1,0.14492914579286753,0.13486645388905247,0.9570391286809197,0.9566357402178298,0:09:42.393403
2,0.16584675907784627,0.1532879050076805,0.9577702702702703,0.9578459056070996,0:09:44.233392
3,0.17735114143985,0.18109979780741914,0.9592073416700282,0.9576442113755547,0:09:42.506798
4,0.17831030586217983,0.17937620723567974,0.9592829770068576,0.9582492940701896,0:09:43.341789
5,0.1812738479433715,0.16052659358259516,0.9595350947962888,0.9576442113755547,0:09:42.117382
