label,tp,fp,tn,fn,prec,rec,f1,acc
AVG,38,2,38,2,0.95,0.95,0.9500000000000001,0.95
negative,24,2,14,0,0.9230769230769231,1.0,0.9600000000000001,0.95
positive,14,0,24,2,1.0,0.875,0.9333333333333333,0.95
