label,tp,fp,tn,fn,prec,rec,f1,acc
AVG,34,6,34,6,0.85,0.85,0.85,0.85
negative,22,4,12,2,0.8461538461538461,0.9166666666666666,0.8799999999999999,0.85
positive,12,2,22,4,0.8571428571428571,0.75,0.7999999999999999,0.85
