label,tp,fp,tn,fn,prec,rec,f1,acc
AVG,4804,196,4804,196,0.9608,0.9608,0.9608,0.9608
negative,2345,78,2459,118,0.9678085018572018,0.952090946000812,0.9598853868194842,0.9608
positive,2459,118,2345,78,0.954210322079938,0.969255025620812,0.9616738365271803,0.9608
