label,tp,fp,tn,fn,prec,rec,f1,acc
AVG,3654,1346,3654,1346,0.7308,0.7308,0.7308,0.7308
negative,1795,678,1859,668,0.7258390618681763,0.7287860332927324,0.7273095623987035,0.7308
positive,1859,668,1795,678,0.7356549267906609,0.7327552227039811,0.7342022116903634,0.7308
