label,tp,fp,tn,fn,prec,rec,f1,acc
AVG,4807,193,4807,193,0.9614,0.9614,0.9614,0.9614
negative,2344,74,2463,119,0.9693961952026469,0.9516849370686155,0.960458922351977,0.9614
positive,2463,119,2344,74,0.9539116963594113,0.9708316909735909,0.9622973236960344,0.9614
