label,tp,fp,tn,fn,prec,rec,f1,acc
AVG,3690,1310,3690,1310,0.738,0.738,0.738,0.738
negative,1852,699,1838,611,0.7259898079184633,0.7519285424279334,0.738731551655365,0.738
positive,1838,611,1852,699,0.7505104124132299,0.724477729601892,0.7372643401524268,0.738
