label,tp,fp,tn,fn,prec,rec,f1,acc
AVG,4317,683,4317,683,0.8634,0.8634,0.8634,0.8634
negative,2161,367,2156,316,0.8548259493670886,0.8724263221639079,0.8635364635364636,0.8634
positive,2156,316,2161,367,0.872168284789644,0.8545382481173206,0.8632632632632632,0.8634
