epoch,loss_train,loss_eval,f1_train,f1_eval,duration
1,0.15405461717769495,0.11692009278970539,0.9485,0.9586,0:01:53.886121
2,0.12459955864399669,0.11699112067532959,0.956,0.9586,0:01:54.301691
3,0.1185400554016233,0.11726096366194029,0.95875,0.96,0:01:54.108135
4,0.11671091502904893,0.13100664016262747,0.96125,0.9598,0:01:54.374300
5,0.11155791182816033,0.11835962294298377,0.96075,0.9608,0:01:54.053898
