epoch,loss_train,loss_eval,f1_train,f1_eval,duration
1,0.15448312877863637,0.11714979264719094,0.94925,0.9588,0:01:53.787280
2,0.12525231397151954,0.11668319549933553,0.95475,0.9586,0:01:54.154479
3,0.12041036675870419,0.11718017453695559,0.95725,0.9606,0:01:54.168643
4,0.1185146624855697,0.13186502193284638,0.96075,0.9606,0:01:54.100575
5,0.1146379479318857,0.11829622515186573,0.9615,0.9614,0:01:54.298734
