label,tp,fp,tn,fn,prec,rec,f1,acc
AVG,34,6,34,6,0.85,0.85,0.85,0.85
negative,26,5,8,1,0.8387096774193549,0.9629629629629629,0.896551724137931,0.85
positive,8,1,26,5,0.8888888888888888,0.6153846153846154,0.7272727272727274,0.85
