label,tp,fp,tn,fn,prec,rec,f1,acc
AVG,28,12,28,12,0.7,0.7,0.7,0.7
negative,27,12,1,0,0.6923076923076923,1.0,0.8181818181818181,0.7
positive,1,0,27,12,1.0,0.07692307692307693,0.14285714285714288,0.7
