label,tp,fp,tn,fn,prec,rec,f1,acc
AVG,33,7,33,7,0.825,0.825,0.825,0.825
negative,25,5,8,2,0.8333333333333334,0.9259259259259259,0.8771929824561403,0.825
positive,8,2,25,5,0.8,0.6153846153846154,0.6956521739130435,0.825
