label,tp,fp,tn,fn,prec,rec,f1,acc
AVG,31,9,31,9,0.775,0.775,0.775,0.775
negative,25,7,6,2,0.78125,0.9259259259259259,0.847457627118644,0.775
positive,6,2,25,7,0.75,0.46153846153846156,0.5714285714285714,0.775
