label,tp,fp,tn,fn,prec,rec,f1,acc
AVG,30,10,30,10,0.75,0.75,0.75,0.75
negative,27,10,3,0,0.7297297297297297,1.0,0.8437499999999999,0.75
positive,3,0,27,10,1.0,0.23076923076923078,0.375,0.75
