epoch,loss_train,loss_eval,f1_train,f1_eval,duration
1,8.84943962097168,8.940361022949219,0.325,0.325,0:00:01.137737
2,8.285693168640137,8.713934898376465,0.325,0.325,0:00:01.112322
3,8.983987808227539,8.487600326538086,0.3,0.325,0:00:01.105932
4,8.433882713317871,8.261247634887695,0.35,0.325,0:00:01.090869
5,7.978107452392578,8.034926414489746,0.35,0.325,0:00:01.092795
