label,tp,fp,tn,fn,prec,rec,f1,acc
AVG,22442,2359,22442,2359,0.9048828676263054,0.9048828676263054,0.9048828676263054,0.9048828676263054
negative,11116,1114,11326,1245,0.9089125102207686,0.8992799935280317,0.9040705949331055,0.9048828676263054
positive,11326,1245,11116,1114,0.9009625328136186,0.9104501607717042,0.9056815001399383,0.9048828676263054
