label,tp,fp,tn,fn,prec,rec,f1,acc
AVG,1995,247,1995,247,0.8898305084745762,0.8898305084745762,0.8898305084745762,0.8898305084745762
negative,908,143,1087,104,0.8639391056137012,0.8972332015810277,0.8802714493456132,0.8898305084745762
positive,1087,104,908,143,0.9126784214945424,0.883739837398374,0.8979760429574555,0.8898305084745762
