label,tp,fp,tn,fn,prec,rec,f1,acc
AVG,4329,671,4329,671,0.8658,0.8658,0.8658000000000001,0.8658
negative,2158,352,2171,319,0.8597609561752988,0.8712151796528058,0.8654501704431522,0.8658
positive,2171,319,2158,352,0.8718875502008032,0.8604835513277844,0.8661480151605825,0.8658
