label,tp,fp,tn,fn,prec,rec,f1,acc
AVG,4797,203,4797,203,0.9594,0.9594,0.9594,0.9594
negative,2364,104,2433,99,0.9578606158833063,0.9598051157125457,0.9588318799432165,0.9594
positive,2433,99,2364,104,0.9609004739336493,0.9590067008277493,0.9599526533833104,0.9594
