label,tp,fp,tn,fn,prec,rec,f1,acc
AVG,4321,679,4321,679,0.8642,0.8642,0.8642,0.8642
negative,2123,325,2198,354,0.8672385620915033,0.8570851836899476,0.8621319796954315,0.8642
positive,2198,354,2123,325,0.8612852664576802,0.8711850971066191,0.8662068965517241,0.8642
