label,tp,fp,tn,fn,prec,rec,f1,acc
AVG,4159,841,4159,841,0.8318,0.8318,0.8318,0.8318
negative,1992,370,2167,471,0.8433530906011855,0.8087697929354446,0.8256994818652851,0.8318
positive,2167,471,1992,370,0.8214556482183473,0.8541584548679543,0.837487922705314,0.8318
