label,tp,fp,tn,fn,prec,rec,f1,acc
AVG,4188,812,4188,812,0.8376,0.8376,0.8376,0.8376
negative,1976,325,2212,487,0.8587570621468926,0.8022736500203005,0.8295549958018472,0.8376
positive,2212,487,1976,325,0.8195628010374213,0.8718959400867166,0.8449197860962566,0.8376
