label,tp,fp,tn,fn,prec,rec,f1,acc
AVG,4400,600,4400,600,0.88,0.88,0.88,0.88
negative,2136,259,2264,341,0.8918580375782881,0.8623334679047234,0.876847290640394,0.88
positive,2264,341,2136,259,0.8690978886756238,0.8973444312326595,0.8829953198127924,0.88
