epoch,loss_train,loss_eval,f1_train,f1_eval,duration
1,0.14947773910871165,0.13759503874116347,0.95025,0.9584,0:01:59.534694
2,0.1371021092348964,0.12409820437341715,0.95525,0.9568,0:01:59.143438
3,0.13119173100369425,0.13830455249604712,0.96075,0.9592,0:02:00.703839
4,0.13158305215044308,0.12512490621261524,0.96075,0.959,0:02:00.276250
5,0.1275478484227205,0.11941258775766485,0.96225,0.9594,0:02:00.058460
