label,tp,fp,tn,fn,prec,rec,f1,acc
AVG,3608,1392,3608,1392,0.7216,0.7216,0.7216,0.7216
negative,2014,929,1594,463,0.6843357118586476,0.8130803391199031,0.7431734317343173,0.7216
positive,1594,463,2014,929,0.774914924647545,0.6317875544986128,0.6960698689956332,0.7216
