label,tp,fp,tn,fn,prec,rec,f1,acc
AVG,3551,1449,3551,1449,0.7102,0.7102,0.7101999999999999,0.7102
negative,1986,972,1565,477,0.6713995943204868,0.8063337393422655,0.7327061427780852,0.7102
positive,1565,477,1986,972,0.7664054848188051,0.6168703192747339,0.6835553614326271,0.7102
