label,tp,fp,tn,fn,prec,rec,f1,acc
AVG,361,39,361,39,0.9025,0.9025,0.9025,0.9025
negative,176,22,185,17,0.8888888888888888,0.9119170984455959,0.9002557544757033,0.9025
positive,185,17,176,22,0.9158415841584159,0.893719806763285,0.9046454767726162,0.9025
