label,tp,fp,tn,fn,prec,rec,f1,acc
AVG,4791,209,4791,209,0.9582,0.9582,0.9582,0.9582
negative,2368,114,2423,95,0.9540692989524577,0.9614291514413317,0.9577350859453994,0.9582
positive,2423,95,2368,114,0.9622716441620334,0.9550650374458022,0.9586547972304649,0.9582
