label,tp,fp,tn,fn,prec,rec,f1,acc
AVG,3986,1014,3986,1014,0.7972,0.7972,0.7972,0.7972
negative,1868,419,2118,595,0.8167905553126367,0.7584246853430775,0.7865263157894737,0.7972
positive,2118,595,1868,419,0.7806855879100627,0.8348443042964131,0.8068571428571428,0.7972
