label,tp,fp,tn,fn,prec,rec,f1,acc
AVG,4233,767,4233,767,0.8466,0.8466,0.8466,0.8466
negative,2099,389,2134,378,0.8436495176848875,0.8473960436011304,0.8455186304128902,0.8466
positive,2134,378,2099,389,0.8495222929936306,0.8458184700753072,0.8476663356504469,0.8466
