label,tp,fp,tn,fn,prec,rec,f1,acc
AVG,3991,1009,3991,1009,0.7982,0.7982,0.7981999999999999,0.7982
negative,2048,594,1943,415,0.7751703255109765,0.831506293138449,0.802350636630754,0.7982
positive,1943,415,2048,594,0.8240033927056828,0.7658651951123374,0.7938712972420838,0.7982
