epoch,loss_train,loss_eval,f1_train,f1_eval,duration
1,0.12830609790966258,0.15918863510945225,0.9625000000000001,0.957,0:01:10.617871
2,0.07564361914788609,0.16274802172012245,0.9725,0.9568,0:01:11.210837
3,0.06295242520536705,0.1736635813358879,0.9775,0.9578,0:01:11.735938
4,0.05573333891377841,0.1842497082486807,0.9775,0.957,0:01:11.661769
5,0.04504491371451878,0.1956014866494762,0.9825,0.9582,0:01:11.896167
